フィーチャID,形状(WKT),ルートID,名称,問い合わせ先,ホームページ,期間開始日時,期間終了日時,作成者,作成日時,更新者,更新日時
1,POINT(136.797165870666 35.3577312042955),rt0101-4,木曽川堤の桜,一宮市役所観光交流課　観光グループ 0586-28-9131,https://www.city.ichinomiya.aichi.jp/ ,"","",システム管理者,2015/01/26 15:48:15,システム管理者,2022/11/29 11:15:55
2,POINT(136.755736470222 35.270990126671),rt0101-2,萩原・萬葉公園,樫の木文化資料館 0586-46-3215（一宮市博物館）,http://www.138ss.com/spot/detail/3/,"","",システム管理者,2015/01/26 15:48:15,システム管理者,2022/11/29 11:17:29
3,POINT(136.739830970764 35.205198281712),rt0101-1,平和の桜並木,稲沢市市長公室平和支所 0567-46-1111,http://www.city.inazawa.aichi.jp/miryoku/heiwa_sakura/index.html,"","",システム管理者,2015/01/26 15:48:15,システム管理者,2023/01/19 09:28:53
4,POINT(136.80652141571 35.2753784393084),rt0101-3,一宮地方総合卸売市場,0586-44-1119,http://ichinomiyaichiba.p-kit.com/,"","",システム管理者,2015/01/26 15:48:15,システム管理者,2022/11/22 15:07:12
5,POINT(136.788464784622 35.2478884429289),rt0102-2,稲沢公園,稲沢市役所　都市整備課 0587-32-1372,http://www.city.inazawa.aichi.jp/shisetsuannai/koen_shizen/1008196/1008239.html,"","",システム管理者,2015/01/26 15:48:15,システム管理者,2023/01/27 11:03:13
6,POINT(136.793491244316 35.2400111647505),rt0102-3,あじさい寺（大塚性海寺歴史公園）,稲沢市役所　商工観光課 0587-32-1332,http://www.city.inazawa.aichi.jp/shisetsuannai/koen_shizen/koen/1001719.html,"","",システム管理者,2015/01/26 15:48:15,システム管理者,2022/11/29 11:19:33
7,POINT(136.770810484886 35.2297713119421),rt0102-4,植木センター（愛知県植木センター）,0587-36-1148,http://aichi-ueki.jp/,"","",システム管理者,2015/01/26 15:48:15,システム管理者,2022/11/28 15:35:11
8,POINT(136.804066084076 35.2522848515822),rt0102-1,国府宮の農産物直売所,ＪＡ愛知西　産直広場国府宮店 0587-32-1251,https://www.ja-aichinishi.or.jp/store/detail.php?id=29,"","",システム管理者,2015/01/26 15:48:15,システム管理者,2022/08/16 10:24:39
9,POINT(136.738755705128 35.2568040299902),rt0103-1,ぎんなん・いちょう並木,稲沢市観光協会 0587-22-1414,https://www.inazawa-kankou.jp/,"","",システム管理者,2015/01/26 15:48:15,システム管理者,2022/08/12 10:31:50
10,POINT(136.702902317047 35.2595145729585),rt0103-2,木曽三川公園ワイルドネイチャープラザ,0587-97-8722,http://www.kisosansenkoen.jp/,"","",システム管理者,2015/01/26 15:48:15,システム管理者,2022/11/22 10:08:09
11,POINT(136.746225357056 35.2381184010304),rt0103-3,産直広場一色下方店 ,0587-36-6780,http://www.ja-aichinishi.or.jp/store/,"","",システム管理者,2015/01/26 15:48:15,システム管理者,2022/08/16 10:34:24
12,POINT(137.052565813065 35.2409487674549),rt0104-1,森林公園,0561-53-1551（代）,https://www.aichishinrin.jp/,"","",システム管理者,2015/01/26 15:48:15,システム管理者,2022/11/22 15:20:37
13,POINT(137.088915109634 35.1308247481635),rt0104-3/rt0105-3,愛知牧場,0561-72-1300,http://www.aiboku.com/,"","",システム管理者,2015/01/26 15:48:15,システム管理者,2022/11/22 15:22:14
14,POINT(137.061761770772 35.1851565490319),rt0104-2/rt0105-4/rt0106-2,あぐりん村,0561-64-2831,http://www.nagakuteonsen.jp/agrin/index.html,"","",システム管理者,2015/01/26 15:48:15,システム管理者,2022/11/14 15:00:14
15,POINT(137.006297960377 35.0410161649192),rt0105-1,愛知豊明花き地方卸売市場,0562-96-1199,https://fengming.jp/index.html,"","",システム管理者,2015/01/26 15:48:15,システム管理者,2022/08/17 15:00:27
16,POINT(137.010938058726 35.1141216757931),rt0105-2/rt0106-4,名古屋市農業センター delaふぁーむ,052-801-5221,http://www.city.nagoya.jp/kurashi/category/19-8-4-2-2-0-0-0-0-0.html,"","",システム管理者,2015/01/26 15:48:15,システム管理者,2023/01/25 15:25:29
17,POINT(137.05373581541 35.0973388934808),rt0106-3,東郷町文化産業まつり,東郷町役場 0561-38-3111,https://www.town.aichi-togo.lg.jp/,"","",システム管理者,2015/01/26 15:48:15,システム管理者,2022/11/14 15:06:13
18,POINT(137.111397385597 35.1879089973768),rt0106-1,あいち海上の森センター,0561-86-0606,https://www.pref.aichi.jp/soshiki/kaisho/,"","",システム管理者,2015/01/26 15:48:15,システム管理者,2022/11/29 11:34:58
19,POINT(136.877371317033 35.2780558700919),rt0107-1,五条川の桜と尾北自然歩道,岩倉市商工農政課 0587-38-5812,https://www.city.iwakura.aichi.jp/category/3-11-0-0-0.html,"","",システム管理者,2015/01/26 15:48:15,システム管理者,2022/08/12 10:41:12
20,POINT(136.857998371124 35.3496895951829),rt0107-2,曼陀羅寺公園のフジ,江南市役所　都市整備部　都市計画課 0587-54-1111,https://www.city.konan.lg.jp/shisetsu/kouen/1002997/1003002.html,"","",システム管理者,2015/01/26 15:48:15,システム管理者,2022/11/29 11:36:39
21,POINT(136.995445489883 35.334137879908),rt0107-4,入鹿池,水土里ネット愛知 052-551-3611,http://www.aichi-doren.or.jp/,"","",システム管理者,2015/01/26 15:48:15,システム管理者,2022/11/29 11:37:52
22,POINT(136.984640768425 35.3701018799389),rt0107-3/rt0108-4,犬山里山学センター,犬山里山学センター 0568-65-2121,https://www.city.inuyama.aichi.jp/kurashi/manabu/1000897/1001519/index.html,"","",システム管理者,2015/01/26 15:48:15,システム管理者,2022/08/12 10:42:48
23,POINT(136.899819374084 35.375141737454),rt0108-3,木曽川扶桑緑地公園,都市整備課 0587-93-1111,https://www.town.fuso.lg.jp/seisaku/shisetsu/011.html,"","",システム管理者,2015/01/26 15:48:15,システム管理者,2023/01/27 11:14:31
24,POINT(136.879713535309 35.3706276080649),rt0108-2,すいとぴあ江南,0587-53-5111,https://suitopia.jp/,"","",システム管理者,2015/01/26 15:48:15,システム管理者,2022/11/29 11:39:38
25,POINT(136.848953962326 35.0726731141979),rt0109-1,藤前干潟,稲永ビジターセンター 052-389-5821,https://chubu.env.go.jp/wildlife/fujimae/institution/,"","",システム管理者,2015/01/26 15:48:15,システム管理者,2022/11/29 11:40:16
26,POINT(136.841293573379 35.2162958521698),rt0109-3,清須の自然と歴史,市民環境部　産業課 052-400-2911 ,http://www.city.kiyosu.aichi.jp/shisetsu_annai/kanko_shisetsu_sonota/kiyosu_koen.html,"","",システム管理者,2015/01/26 15:48:15,システム管理者,2022/11/22 14:49:08
27,POINT(136.841143369675 35.2373122104768),rt0109-4,五条川の桜,清須市役所 052-400-2911, https://www.city.kiyosu.aichi.jp/ ,"","",システム管理者,2015/01/26 15:48:15,システム管理者,2022/11/29 11:43:06
28,POINT(136.812508106232 35.1153802097097),rt0109-2,農業文化園と戸田川緑地公園,戸田川緑地管理センター 052-302-5321,http://www.bunkaen-todagawa.jp/,"","",システム管理者,2015/01/26 15:48:15,システム管理者,2022/11/29 11:44:56
29,POINT(136.992280714693 35.271677604392),rt0110-2,落合公園の桜,春日井市公園緑地課 0568-85-6281,https://www.city.kasugai.lg.jp/shimin/bunka/sports/asamiya/index.html,"","",システム管理者,2015/01/26 15:48:15,システム管理者,2022/11/15 13:27:02
30,POINT(136.959820389748 35.2560190241706),rt0110-3,朝宮公園,春日井市公園緑地課 0568-85-6281,http://www.city.kasugai.lg.jp/shisei/machi/park/1008523/1008545/1008551.html,"","",システム管理者,2015/01/26 15:48:15,システム管理者,2022/11/22 10:27:47
31,POINT(137.048327922821 35.2516471858258),rt0110-4/rt0111-3,東谷山フルーツパーク,052-736-3344,https://www.fruitpark.org/,"","",システム管理者,2015/01/26 15:48:15,システム管理者,2022/11/29 11:47:30
32,POINT(136.968894222047 35.2970889887568),rt0111-2,ＪＡ尾張中央桃選果場,JA尾張中央　小牧東部営農生活センター　 0568-79-8000,https://ja-owari-chuoh.or.jp/,"","",システム管理者,2015/01/26 15:48:15,システム管理者,2022/11/15 13:38:35
33,POINT(136.995401329288 35.3191602868974),rt0112-1,兒（ちご）の森,こども未来部　こども政策課　青少年育成係 0568-76-1179 ,https://www.city.komaki.aichi.jp/admin/life/kosodate/kosodateshisetsu/15564.html,"","",システム管理者,2015/01/26 15:48:15,システム管理者,2022/11/15 13:41:35
34,POINT(137.005573511124 35.3116845715262),rt0112-2,市民四季の森,0568-78-4554,https://www.city.komaki.aichi.jp/admin/event_1/midokoro/shiminshikinomori/16809.html,"","",システム管理者,2015/01/26 15:48:15,システム管理者,2022/11/24 09:33:35
35,POINT(137.058305740356 35.3025526517321),rt0112-3,都市緑化植物園 (グリーンピア春日井),0568-92-8711,https://www.city.kasugai.lg.jp/shisetsu/sonota/syokubutsuen/index.html,"","",システム管理者,2015/01/26 15:48:15,システム管理者,2023/01/27 11:20:28
36,POINT(137.055162191391 35.3035858448974),rt0112-4,少年自然の家,0568-92-8211,https://www.spofure-kasugai.or.jp/natures/,"","",システム管理者,2015/01/26 15:48:15,システム管理者,2023/01/26 14:41:25
37,POINT(136.912693977356 35.2927892006194),rt0110-1/rt0111-1,小牧山,小牧市歴史館 0568-72-0712,http://www.city.komaki.aichi.jp/admin/event_1/events/bunkazai/1/news/rekishikan/index.html ,"","",システム管理者,2015/01/26 15:48:15,システム管理者,2022/11/22 10:31:52
38,POINT(136.68906211853 35.1613541917272),rt0201-2,花ハス,愛西市観光協会 0567-55-9993,https://www.aisaikankou.jp/,"","",システム管理者,2015/01/26 15:48:15,システム管理者,2022/11/29 11:58:02
39,POINT(136.690231561661 35.2078544733821),rt0201-1,れんこん,ＪＡあいち海部 0567-28-6688,https://www.ja-aichiama.com/,"","",システム管理者,2015/01/26 15:48:15,システム管理者,2022/11/29 11:58:58
40,POINT(136.725233363275 35.1013475675288),rt0201-5,立田輪中人造堰樋門,弥富市歴史民俗資料館 0567-65-4355,https://www.city.yatomi.lg.jp/kurashi/1000296/1000301/1000303.html,"","",システム管理者,2015/01/26 15:48:15,システム管理者,2022/11/15 13:57:43
41,POINT(136.694383044323 35.1441941811644),rt0201-3/rt0204-4,立田ふれあいの里,0567-23-1011,http://www.tatsuta-fureai.com/,"","",システム管理者,2015/01/26 15:48:15,システム管理者,2022/11/15 13:59:01
42,POINT(136.721016853725 35.106199965799),rt0201-4/rt0204-3,弥富市歴史民俗資料館,0567-65-4355,https://www.city.yatomi.lg.jp/kurashi/1000296/1000301/1000303.html,"","",システム管理者,2015/01/26 15:48:15,システム管理者,2022/11/15 14:01:05
43,POINT(136.718625426292 35.1780440402946),rt0202-2,津島神社,0567-26-3216,http://www.tsushima-kankou.com/,"","",システム管理者,2015/01/26 15:48:15,システム管理者,2022/11/29 13:07:06
44,POINT(136.720497608185 35.1736241511544),rt0202-1,天王川公園,シティプロモーション課プロモーショングループ 0567-24-1111,https://www.city.tsushima.lg.jp/shokai/kankouannai/tennougawakouen.html,"","",システム管理者,2015/01/26 15:48:15,システム管理者,2022/11/22 11:08:25
45,POINT(136.711719616918 35.1644978602053),rt0202-4,JAあいち海部グリーンセンター津島店,0567-23-3511,https://www.ja-aichiama.com/food/gctsushima.html,"","",システム管理者,2015/01/26 15:48:15,システム管理者,2022/11/15 14:07:32
46,POINT(136.719274520874 35.1761498315166),rt0202-3,堀田家住宅,津島市教育委員会 社会教育課 生涯学習グループ 0567-24‐1111,https://www.city.tsushima.lg.jp/shokai/bunka/bunkazai/jyuuyoubunnkazai.html,"","",システム管理者,2015/01/26 15:48:15,システム管理者,2022/11/29 13:08:10
47,POINT(136.734112501144 35.1136863974971),rt0203-1,金魚、金魚池,弥富金魚漁業協同組合 0567-65-1250,https://www.city.yatomi.lg.jp/shisei/kanko/1001203/index.html,"","",システム管理者,2015/01/26 15:48:15,システム管理者,2022/11/29 13:11:19
48,POINT(136.786437034607 35.0830732326061),rt0203-2,海部南部味噌,ＪＡあいち海部 0567-28-6688,http://www.ja-aichiama.com/,"","",システム管理者,2015/01/26 15:48:15,システム管理者,2022/11/29 13:12:13
49,POINT(136.792334603552 35.1315014424672),rt0203-3,海部水郷地帯の酒,あま市観光協会 052-485-8671,http://www.ama-kankou.jp/,"","",システム管理者,2015/01/26 15:48:15,システム管理者,2022/11/15 14:17:42
50,POINT(136.778158115828 35.1337014295422),rt0203-4,尾張温泉,蟹江町観光協会事務局  0567-58-1360,https://www.kaninavi.jp/,"","",システム管理者,2015/01/26 15:48:15,システム管理者,2022/11/15 14:18:29
51,POINT(136.719315201852 35.1044448883581),rt0204-2,水郷の塔,弥富市役所 0567-65-1111,https://www.city.yatomi.lg.jp/,"","",システム管理者,2015/01/26 15:48:15,システム管理者,2022/11/15 14:19:53
52,POINT(136.784591674805 35.0497433935636),rt0204-1,弥富野鳥園,0567-68-2338,https://www.aichi-park.or.jp/yachou/,"","",システム管理者,2015/01/26 15:48:15,システム管理者,2022/11/22 11:12:39
53,POINT(136.769716143608 35.2054042930849),rt0205-4,蓮華寺寺叢,052-444-1272,"","","",システム管理者,2015/01/26 15:48:15,システム管理者,2022/11/29 13:19:10
54,POINT(136.799064874649 35.1836650203804),rt0205-2,七宝焼アートヴレッジ,052-443-7588,https://www.shippoyaki.jp/,"","",システム管理者,2015/01/26 15:48:15,システム管理者,2022/11/29 13:19:34
55,POINT(136.785237227556 35.1686819266218),rt0205-1,JA海部東グリーンプラザ,0567-23-7380,https://www.ja-amahigashi.or.jp/,"","",システム管理者,2015/01/26 15:48:15,システム管理者,2022/11/15 14:26:51
56,POINT(136.823424696922 35.1934679211734),rt0205-3,甚目寺歴史民俗資料館,052-443-0145,https://www.city.ama.aichi.jp/shisetsu/1004076/1004566/1004108.html,"","",システム管理者,2015/01/26 15:48:15,システム管理者,2022/11/29 13:23:17
57,POINT(136.741810441017 35.1203210255059),rt0206-1,水の館,海部土地改良区 0567-65-5225,http://amatochi.com/mizunoyakata/,"","",システム管理者,2015/01/26 15:48:15,システム管理者,2022/11/29 13:24:37
59,POINT(136.747416257858 35.1123787152791),rt0206-2,ＪＡあいち海部グリンセンター 十四山店（菜々耕房）,0567-56-6808,https://www.ja-aichiama.com/food/gcnana.html,"","",システム管理者,2015/01/26 15:48:15,システム管理者,2022/11/29 13:25:50
60,POINT(136.774334907532 35.0845438050878),rt0206-3,飛島村大宝排水機場保存館,飛島村教育委員会生涯教育課 0567-52-3351,https://www.vill.tobishima.aichi.jp/sonsei/syoukai/pump.html,"","",システム管理者,2015/01/26 15:48:15,システム管理者,2022/11/29 13:27:05
61,POINT(136.851631715439 34.9145521233177),rt0301-4,前山ダム公園,環境経済部　農業水産課 0569-35-5111,http://www.city.tokoname.aichi.jp/kurashi/sportspark/1001010/1001015.html,"","",システム管理者,2015/01/26 15:48:15,システム管理者,2022/11/15 14:57:54
62,POINT(136.866916046395 34.8555163797801),rt0301-3,多賀の里,0569-34-8630,"","","",システム管理者,2015/01/26 15:48:15,システム管理者,2022/08/12 11:10:40
63,POINT(136.867315675108 34.8236766260637),rt0301-1,小脇公園,0569-37-1531,http://www.city.tokoname.aichi.jp/,"","",システム管理者,2015/01/26 15:48:15,システム管理者,2022/08/12 11:11:34
64,POINT(136.866121803249 34.8273157234361),rt0301-2/rt0308-3,盛田味の館,0569-37-0733,http://moritakk.com/know_enjoy/ajinoyakata/,"","",システム管理者,2015/01/26 15:48:15,システム管理者,2022/08/12 11:12:24
65,POINT(136.890989542007 34.962101565661),rt0302-3/rt0312-2,佐布里池（知多市）,知多市観光協会  0562-51-5637,http://chita-kanko.com/,"","",システム管理者,2015/01/26 15:48:15,システム管理者,2022/12/27 11:06:55
66,POINT(136.822872161865 34.954838542572),rt0302-4,新舞子マリンパーク（知多市）,0562-56-3980,http://www.marine-park.jp/info/index.html,"","",システム管理者,2015/01/26 15:48:15,システム管理者,2022/11/29 13:32:10
67,POINT(136.868036783702 34.999070839794),rt0302-1/rt0305-1,知多市歴史民俗博物館（知多市）,0562-33-1571,http://www.city.chita.lg.jp/soshiki/museum/,"","",システム管理者,2015/01/26 15:48:15,システム管理者,2022/11/15 15:10:50
68,POINT(136.890007853508 34.9670164908838),rt0302-2/rt0306-2/rt0308-1,佐布里緑と花のふれあい公園（知多市）,0562-54-2911,http://www.sourifureai.com/,"","",システム管理者,2015/01/26 15:48:15,システム管理者,2022/11/24 11:04:43
69,POINT(136.844496130943 34.7577622174818),rt0303-4,野間崎灯台（美浜町）,美浜町役場 0569-82-1111,https://www.town.aichi-mihama.lg.jp/,"","",システム管理者,2015/01/26 15:48:15,システム管理者,2022/11/29 13:38:15
70,POINT(136.889616250992 34.7891622599544),rt0303-3,美浜町民の森（美浜町）,美浜町役場　産業建設部　産業課　農政係 0569-82-1111,https://www.town.aichi-mihama.lg.jp/,"","",システム管理者,2015/01/26 15:48:15,システム管理者,2022/11/29 13:40:32
71,POINT(136.847166001525 34.7562112189941),rt0303-5/rt0305-3/rt0310-3,食と健康の館（美浜町）,0569-83-3600,http://www.shio-yakata.com/,"","",システム管理者,2015/01/26 15:48:15,システム管理者,2022/11/15 15:19:11
72,POINT(136.879702806473 34.8008361851815),rt0303-1/rt0307-2/rt0308-4/rt0311-3/rt0312-3,ジョイフルファーム鵜の池（美浜町）,0569-87-6080,https://www.joyful-f.jp/,"","",システム管理者,2015/01/26 15:48:15,システム管理者,2022/12/27 11:07:33
73,POINT(136.883329753302 34.8016913871159),rt0303-2,鵜の池（美浜町）,美浜町役場 0569-82-1111,https://www.town.aichi-mihama.lg.jp/,"","",システム管理者,2015/01/26 15:48:15,システム管理者,2022/11/15 15:22:28
74,POINT(136.910635175662 34.9096334319322),rt0304-5,黒牛の里（半田市）,0569-23-8672,http://www.kuroushi.net/,"","",システム管理者,2015/01/26 15:48:15,システム管理者,2022/11/15 15:24:33
75,POINT(136.934216022491 34.8931164651108),rt0304-2,MIZKAN MUSEUM,0569-24-5111,http://www.mizkan.co.jp/mim/,"","",システム管理者,2015/01/26 15:48:15,システム管理者,2022/11/22 11:18:13
77,POINT(136.934972405434 34.8953472379743),rt0304-4,國盛　酒の文化館（半田市）,0569-23-1499,https://www.nakanoshuzou.jp/museum/,"","",システム管理者,2015/01/26 15:48:15,システム管理者,2022/11/29 13:47:50
78,POINT(136.897783072233 34.890899863933),rt0304-1,ファーマーズマーケット「ブリオ」（半田市）,0569-20-5410,http://www.fm-brio.com/,"","",システム管理者,2015/01/26 15:48:15,システム管理者,2022/11/15 15:28:59
79,POINT(136.934731006622 34.8924696616508),rt0304-3/rt0309-3,半田運河（半田市）,半田市観光協会 0569-32-3264,https://www.handa-kankou.com/,"","",システム管理者,2015/01/26 15:48:15,システム管理者,2022/12/27 10:59:50
80,POINT(136.862577442022 34.8160292053353),rt0305-2,坂井海岸（常滑市）,とこなめ観光協会坂井支部 0569ｰ37-0922,http://sakaikaigan.com/access,"","",システム管理者,2015/01/26 15:48:15,システム管理者,2022/11/15 15:59:54
81,POINT(136.943217515945 34.9931072550854),rt0305-5/rt0306-5/rt0311-2,ＪＡあぐりタウン　げんきの郷（大府市）,0562‐45‐4080,http://www.agritown.co.jp/,"","",システム管理者,2015/01/26 15:48:15,システム管理者,2023/01/26 15:37:19
82,POINT(136.938171818899 34.7065353850215),rt0305-4/rt0308-5,豊浜魚ひろば（南知多町）,魚ひろば事務局 0569‐65‐0483,http://sakanahiroba.net/,"","",システム管理者,2015/01/26 15:48:15,システム管理者,2022/11/15 16:03:24
83,POINT(136.962636709213 34.972713566521),rt0306-3,東浦町郷土資料館「うのはな館」,生涯学習課 文化財係 0562‐82‐1188,https://www.town.aichi-higashiura.lg.jp/soshiki/shogaigakushu/bunkazai/unohana/index.html,"","",システム管理者,2015/01/26 15:48:15,システム管理者,2022/11/29 14:00:53
84,POINT(136.906803846359 35.0221287318343),rt0306-1,東海市立農業センター,052-601-8731,http://www.city.tokai.aichi.jp/,"","",システム管理者,2015/01/26 15:48:15,システム管理者,2022/11/29 14:02:27
85,POINT(136.951889250825 34.9903235773292),rt0306-4/rt0311-1,東浦ぶどう　ぶどう狩り,東浦町森岡ぶどう組合 0562-84-0219,http://www.hm-grape.com/,"","",システム管理者,2015/01/26 15:48:15,システム管理者,2022/11/15 16:08:00
86,POINT(137.002458238956 34.707152838958),rt0307-1,日間賀島〔体験漁業〕（南知多町）,日間賀島観光協会 0569-68-2388,https://www.himaka.net/,"","",システム管理者,2015/01/26 15:48:15,システム管理者,2022/11/15 16:09:43
88,POINT(136.91478270809 34.8558503089547),rt0309-2,武豊町歴史民俗資料館（武豊町）,0569-73-4100,http://www.town.taketoyo.lg.jp/category_list.php?frmCd=4-2-3-0-0,"","",システム管理者,2015/01/26 15:48:15,システム管理者,2022/11/15 16:10:48
89,POINT(136.86936760124 34.7332159056281),rt0310-2,内海海水浴場（南知多町）,南知多町観光協会 0569-62-3100,http://minamichita-kk.com/,"","",システム管理者,2015/01/26 15:48:15,システム管理者,2022/11/15 16:12:22
90,POINT(136.929530842871 34.7048059976294),rt0310-1,豊浜鯛まつり（南知多町）,南知多町観光協会 0569-62-3100,http://minamichita-kk.com/,"","",システム管理者,2015/01/26 15:48:15,システム管理者,2022/11/15 16:13:18
91,POINT(137.003142424268 34.6812170940465),rt0307-1,コウナゴの天日干し,篠島観光協会 0569-67-3700,http://www.shinojima-aichi.com/,"","",システム管理者,2015/01/26 15:48:15,システム管理者,2022/08/15 09:20:03
94,POINT(137.159012780888 34.9575462762634),rt0401-2,岡崎公園,岡崎市土木建設部公園緑地課 0564-23-6250,https://www.city.okazaki.lg.jp/,"","",システム管理者,2015/01/26 15:48:15,システム管理者,2023/02/13 11:36:55
95,POINT(137.15230046021 34.9582037481254),rt0401-2,八丁蔵通り,岡崎市観光協会 0564-23-6217,https://okazaki-kanko.jp/,"","",システム管理者,2015/01/26 15:48:15,システム管理者,2023/02/13 11:37:22
96,POINT(137.181172370911 35.0154026415913),rt0401-1,おかざき自然体験の森,0564-45-5544,https://okazaki-kanko.jp/mizutomidori/shizen-taiken,"","",システム管理者,2015/01/26 15:48:15,システム管理者,2023/02/13 11:36:29
97,POINT(137.177047915142 34.877539202455),rt0401-3,幸田憩いの農園,0564-62-4339,https://life.ja-group.jp/farm/market/detail?id=1343,"","",システム管理者,2015/01/26 15:48:15,システム管理者,2023/02/13 11:37:57
98,POINT(137.18212723732 34.8373318638117),rt0401-4,本光寺,幸田町観光協会 0564-62-1111,https://www.kota-kanko.jp/,"","",システム管理者,2015/01/26 15:48:15,システム管理者,2023/02/13 11:38:19
99,POINT(137.333873119599 34.9269703887309),rt0409-1,男川やな,0564-82-2089,https://www.city.okazaki.lg.jp/,"","",システム管理者,2015/01/26 15:48:15,システム管理者,2023/02/13 11:52:43
105,POINT(137.038556328264 34.8788604489743),rt0402-1/rt0403-1,西尾の抹茶工場見学,一般社団法人西尾市観光協会 0563-57-7882,http://nishiokanko.com/,"","",システム管理者,2015/01/26 15:48:15,システム管理者,2023/02/13 11:40:08
106,POINT(137.05385863781 34.874370300471),rt0403-2,西尾市岩瀬文庫,西尾市教育委員会文化振興課文化財担当（西尾市岩瀬文庫内） 0563-56-2459,https://www.city.nishio.aichi.jp/,"","",システム管理者,2015/01/26 15:48:15,システム管理者,2023/02/13 11:42:45
107,POINT(137.065113186836 34.8066064584628),rt0403-3/rt0404-3,尾崎士郎記念館、旧糟谷邸,尾﨑士郎記念館 0563-32-4646,https://www.city.nishio.aichi.jp/shisetsu/bunka/1001579/1004045.html,"","",システム管理者,2015/01/26 15:48:15,システム管理者,2023/02/13 11:43:05
108,POINT(137.014054740316 34.7945782753335),rt0403-4/rt0404-4/rt0405-5,一色さかな広場、さかな村,一色さかなセンター(株) 0563-72-3700 西三河漁業協同組合 0563-72-8281,http://www.sakanahiroba.com/ http://www.nishimikawagyokyou.com/,"","",システム管理者,2015/01/26 15:48:15,システム管理者,2023/02/13 11:43:48
109,POINT(137.144527789077 34.7885597372501),rt0404-1,三河湾観光漁船,東幡豆漁業協同組合 0563-62-2068,http://www.katch.ne.jp/~higasihazu-gk/,"","",システム管理者,2015/01/26 15:48:15,システム管理者,2023/02/13 11:44:40
110,POINT(137.072693109512 34.8094165674181),rt0404-2,国宝　金蓮寺弥陀堂,西尾市教育委員会事務局　文化振興課 0563-56-2459,https://www.city.nishio.aichi.jp/,"","",システム管理者,2015/01/26 15:48:15,システム管理者,2023/02/13 11:44:58
111,POINT(137.035277788653 34.725277036129),rt0405-3,大葉邸,西尾市役所佐久島振興課 0563-72-9607,http://sakushima.com/guide-top/art-top/,"","",システム管理者,2015/01/26 15:48:15,システム管理者,2023/02/13 11:45:43
112,POINT(137.046048109222 34.7224213616407),rt0405-4,シーサイドプロムナード,西尾市役所佐久島振興課 0563-72-9607,http://sakushima.com/guide-top/art-top/,"","",システム管理者,2015/01/26 15:48:15,システム管理者,2023/02/13 11:46:04
113,POINT(137.035077810287 34.7259181539648),rt0405-2,黒壁の家並み,西尾市役所佐久島振興課 0563-72-9607,http://sakushima.com/guide-top/art-top/,"","",システム管理者,2015/01/26 15:48:15,システム管理者,2023/02/13 11:45:34
114,POINT(137.034403204519 34.7259432097426),rt0405-1,弁天サロン,佐久島弁天サロン 0563-78-2001,http://sakushima.com/guide-top/benten-salon,"","",システム管理者,2015/01/26 15:48:15,システム管理者,2023/02/13 11:45:20
115,POINT(137.027492523193 34.8056858846937),rt0405-6,一色地域文化広場「一色学びの館」,一色学びの館 0563-72-3880,http://isshiki-ccp.jp/manabi/,"","",システム管理者,2015/01/26 15:48:15,システム管理者,2023/02/13 11:46:23
116,POINT(137.318499790262 35.1372849661347),rt0501-6,中馬館,0565-62-0878,http://asuke.info/view/rekishi/entry-24.html,"","",システム管理者,2015/01/26 15:48:15,システム管理者,2022/08/15 15:08:37
118,POINT(137.332516539213 35.1388892075742),rt0501-2,百年草,0565-62-0100,https://www.hyakunensou.co.jp/,"","",システム管理者,2015/01/26 15:48:15,システム管理者,2022/08/15 15:09:05
119,POINT(137.313941717148 35.1296489601636),rt0501-4,三州足助屋敷,0565-62-1188,http://asukeyashiki.jp/,"","",システム管理者,2015/01/26 15:48:15,システム管理者,2022/11/29 15:11:39
120,POINT(137.385240197182 35.1161963864427),rt0501-1,鼎工房,0565-62-2693,http://www.asuke.aitai.ne.jp/~kanae-z/,"","",システム管理者,2015/01/26 15:48:15,システム管理者,2022/11/29 15:12:23
121,POINT(137.314041787522 35.1358120877142),rt0501-5,中馬街道,足助観光協会 0565-62-1272,http://asuke.info/,"","",システム管理者,2015/01/26 15:48:15,システム管理者,2022/08/15 15:36:50
122,POINT(137.260796427727 35.0507051485234),rt0502-1,松平郷・散策道,松平郷館（松平ふるさとづくり委員会） 080-5166-1629,http://www.matudaira-sato.com/index.html,"","",システム管理者,2015/01/26 15:48:15,システム管理者,2022/11/16 10:15:36
123,POINT(137.399042844772 35.1005691312052),rt0502-3,田之土里湿原,愛知県豊田加茂事務所環境保全課 0565-32-7494,https://mikawanoyasou.org/loca/tanosirisitugen.htm,"","",システム管理者,2015/01/26 15:48:15,システム管理者,2022/11/29 15:13:43
124,POINT(137.376018762589 35.0768087358314),rt0502-2,三河高原,豊田市しもやま観光協会 0565-90-2530,http://www.karen-shimoyama.jp/,"","",システム管理者,2015/01/26 15:48:15,システム管理者,2022/11/22 13:07:32
125,POINT(137.410624623299 35.0302160018568),rt0502-6,三河湖,三河湖観光センター 0565-90-3510,http://www.tourismtoyota.jp/spots/detail/722/,"","",システム管理者,2015/01/26 15:48:15,システム管理者,2022/11/16 10:22:19
126,POINT(137.383979558945 35.0423036826505),rt0502-4,手作り工房山遊里,0565-91-1186,http://www.karennosato.com/,"","",システム管理者,2015/01/26 15:48:15,システム管理者,2022/11/29 15:19:13
127,POINT(137.396682500839 35.0378149343238),rt0502-5,香恋の館,0565-90-4120,http://www.karennosato.com/yakata/index01.html,"","",システム管理者,2015/01/26 15:48:15,システム管理者,2022/11/28 10:51:08
128,POINT(137.50278532505 35.213780185194),rt0503-3,どんぐり横丁,0536-82-3666,http://www.dongurinosato.com,"","",システム管理者,2015/01/26 15:48:15,システム管理者,2022/11/28 10:57:56
129,POINT(137.485828399658 35.2547311524039),rt0503-4,押川大滝,いなぶ観光協会 0536-86-3200,https://www.inabu-kankou.com/,"","",システム管理者,2015/01/26 15:48:15,システム管理者,2022/11/29 15:22:10
130,POINT(137.503252029419 35.2142447567416),rt0503-2,稲武どんぐり工房,0565-83-3200,http://www.inabu-kankou.com/dongurikobo/thismonth,"","",システム管理者,2015/01/26 15:48:15,システム管理者,2022/11/28 10:57:46
131,POINT(137.463512420654 35.1970713736228),rt0503-6,木材需要促進センター「モッキー」,0565-83-3200 ,https://www.inabu-kankou.com/,"","",システム管理者,2015/01/26 15:48:15,システム管理者,2022/08/16 15:50:23
132,POINT(137.464933991432 35.1968697247882),rt0503-5,郷土資料館「ちゅーま」,0565-82-3439,https://www.tourismtoyota.jp/spots/detail/90/,"","",システム管理者,2015/01/26 15:48:15,システム管理者,2022/11/29 15:25:02
133,POINT(137.507924437523 35.2145121033138),rt0503-1,古橋懐古館,0536-82-2100,http://furuhashikai.com/kaikokan_top/,"","",システム管理者,2015/01/26 15:48:15,システム管理者,2022/11/28 11:00:50
134,POINT(137.170993717769 35.2011664913185),rt0504-3,猿投山と菊石,豊田市観光協会（ツーリズムとよた） 0565-85-7777,http://www.citytoyota-kankou-jp.org/,"","",システム管理者,2015/01/26 15:48:15,システム管理者,2022/11/16 10:45:13
135,POINT(137.29224366849 35.2754970818036),rt0504-2,大福魚苑,0565-65-2648,https://www.kankou-obara.toyota.aichi.jp/place/177/,"","",システム管理者,2015/01/26 15:48:15,システム管理者,2022/08/15 15:49:17
136,POINT(137.293664216995 35.2377153067552),rt0504-1,和紙のふるさと,0565-65-2151,http://washinofurusato.jp/,"","",システム管理者,2015/01/26 15:48:15,システム管理者,2022/11/30 14:24:29
137,POINT(137.087939689485 35.0928135577047),rt0504-6,三好公園,みよし市役所　公園緑地課  0561-32-2111,http://www.city.aichi-miyoshi.lg.jp/,"","",システム管理者,2015/01/26 15:48:15,システム管理者,2022/11/16 10:55:19
138,POINT(137.076534032822 35.0826210811113),rt0504-5,保田ケ池公園,みよし市役所　公園緑地課 0561-32-2111,https://www.city.aichi-miyoshi.lg.jp/,"","",システム管理者,2015/01/26 15:48:15,システム管理者,2022/11/28 11:10:19
139,POINT(137.09064308794 35.0752638403375),rt0504-4,緑と花のセンター「さんさんの郷」,0561-34-6111,https://www.city.aichi-miyoshi.lg.jp/midori/sansansisetuannai.html,"","",システム管理者,2015/01/26 15:48:15,システム管理者,2022/11/16 10:58:54
140,POINT(137.39944839395 35.1972379013495),rt0505-1,つくば工房,0565-68-2611,"","","",システム管理者,2015/01/26 15:48:15,システム管理者,2022/08/15 15:53:21
141,POINT(137.325335741043 35.1980357741706),rt0505-5,お須原山縁結び岩,旭観光協会 0565-68-3653,http://www.kankou-asahi.toyota.aichi.jp/,"","",システム管理者,2015/01/26 15:48:15,システム管理者,2022/11/29 15:34:31
142,POINT(137.360609403121 35.2034000795943),rt0505-4,貞観杉,旭観光協会 0565-68-3653,http://www.kankou-asahi.toyota.aichi.jp/,"","",システム管理者,2015/01/26 15:48:15,システム管理者,2022/11/16 11:03:55
143,POINT(137.383604049683 35.2431087174813),rt0505-3,時瀬大いちょう,旭観光協会 0565-68-3653,http://www.kankou-asahi.toyota.aichi.jp/,"","",システム管理者,2015/01/26 15:48:15,システム管理者,2023/03/30 11:58:15
144,POINT(137.406955361366 35.217921790565),rt0505-2,旭高原元気村,0565-68-2755,http://www.asahikougen.co.jp/,"","",システム管理者,2015/01/26 15:48:15,システム管理者,2022/11/29 15:36:35
145,POINT(137.240331172943 35.0345426482941),rt0506-1,二畳ケ滝,豊田市観光協会（ツーリズムとよた） 0565-85-7777,https://www.tourismtoyota.jp/,"","",システム管理者,2015/01/26 15:48:15,システム管理者,2022/11/29 15:37:51
146,POINT(137.197313904762 35.0874102477798),rt0506-3,自然観察の森,0565-88-1310,https://toyota-shizen.org/,"","",システム管理者,2015/01/26 15:48:15,システム管理者,2022/11/30 14:28:30
147,POINT(137.231072187424 35.055865055944),rt0506-2,滝川ふれあい工房,0565-58-3771,http://www.toyota.or.jp/news2004/takigawa.htm,"","",システム管理者,2015/01/26 15:48:15,システム管理者,2022/11/28 11:12:19
148,POINT(137.151741728857 35.0804070532837),rt0506-4,七州城址公園・豊田市美術館,豊田市美術館 0565-34-6610,https://www.museum.toyota.aichi.jp/,"","",システム管理者,2015/01/26 15:48:15,システム管理者,2023/02/14 09:53:36
149,POINT(137.555480003357 34.9970755225206),rt0601-2,山びこの丘,0563-35-1191,http://www.sanyurin.jp/,"","",システム管理者,2015/01/26 15:48:15,システム管理者,2022/11/30 14:30:43
150,POINT(137.568526083091 35.0502645387647),rt0601-1,新城市四谷地区,新城市観光協会鳳来支部 0536-32-0022,http://shinshirokankou.com/,"","",システム管理者,2015/01/26 15:48:15,システム管理者,2022/08/15 16:04:18
151,POINT(137.578665018082 34.9723706981741),rt0601-3,鳳来寺山自然科学博物館,0536-35-1001,https://www.city.shinshiro.lg.jp/mokuteki/shisetu/shiryokan/houraijisan/yokoso.html,"","",システム管理者,2015/01/26 15:48:15,システム管理者,2022/11/30 14:32:54
152,POINT(137.615904257179 34.9741771980482),rt0601-4,鳳来ゆーゆーありいな,0536-32-2212,http://www.sanyurin.jp/yuyu/,"","",システム管理者,2015/01/26 15:48:15,システム管理者,2022/08/15 16:05:23
153,POINT(137.420641678522 34.9631856588179),rt0602-1,つくで手作り村（味彩館、山家市）,0563-37-2772,http://www.city.shinshiro.lg.jp/mokuteki/shisetu/michinoeki/tedukurimura.html,"","",システム管理者,2015/01/26 15:48:15,システム管理者,2022/11/16 11:29:39
154,POINT(137.421418069277 34.9628324571347),rt0602-2,つくで手作り村（勇気工房）,"",http://www.tsukude.com/,"","",システム管理者,2015/01/26 15:48:15,システム管理者,2022/08/15 16:06:45
155,POINT(137.42230289258 34.9621364613767),rt0602-4,つくで手作り村（とんちん館）,0563-37-2772,http://www.tsukude.com/,"","",システム管理者,2015/01/26 15:48:15,システム管理者,2022/08/15 16:07:15
157,POINT(137.423337305589 34.9637659512943),rt0602-3,歴史の小径（亀山城趾等）,新城市教育委員会生涯共育課 0563-23-7639, https://www.city.shinshiro.lg.jp/ ,"","",システム管理者,2015/01/26 15:48:15,システム管理者,2022/11/16 11:34:59
158,POINT(137.665754544766 35.0981401499034),rt0603-3,振草農産物生産直売組合,0536-78-5108,"","","",システム管理者,2015/01/26 15:48:15,システム管理者,2022/08/15 16:09:09
159,POINT(137.706688556705 35.0748516376287),rt0603-2,とうえい温泉,0536-77-0268,https://toueionsen.com/,"","",システム管理者,2015/01/26 15:48:15,システム管理者,2022/08/15 16:09:36
160,POINT(137.69821977791 35.1435610631714),rt0603-4,湯～らんどパルとよね,0536-85-1180,http://www.chausuyama.jp/spot/2014022514193914.html,"","",システム管理者,2015/01/26 15:48:15,システム管理者,2022/08/15 16:10:07
161,POINT(137.721236390272 35.0468410352361),rt0603-1,愛知東農業　東栄直売所,0536-79-3343,https://www.okuminavi.jp/search/detail.php?id=592,"","",システム管理者,2015/01/26 15:48:15,システム管理者,2022/11/16 11:51:37
162,POINT(137.655558586121 35.2276548268825),rt0604-3,茶臼山高原,茶臼山観光協会 0536-87-2345,http://www.chausuyama.jp/,"","",システム管理者,2015/01/26 15:48:15,システム管理者,2022/11/16 11:54:41
163,POINT(137.605535387993 35.1996664617751),rt0604-2,道の駅つぐ高原グリーンパーク,0536-83-2344,http://www.green-park.net/,"","",システム管理者,2015/01/26 15:48:15,システム管理者,2022/11/16 11:57:11
164,POINT(137.534623146057 35.1728699397216),rt0604-1,道の駅アグリステーションなぐら,0536-65-0888,http://aguristationnagura.jimdofree.com/,"","",システム管理者,2015/01/26 15:48:15,システム管理者,2022/11/28 11:40:54
165,POINT(137.062195079066 34.6282092729262),rt0701-3,キャベツ畑,渥美半島観光ビューロー 0531-23-3516,https://www.taharakankou.gr.jp/,"","",システム管理者,2015/01/26 15:48:15,システム管理者,2022/08/15 16:16:52
166,POINT(137.208344257864 34.6155082774551),rt0701-6,愛知みなみ農協ふれあい広場赤羽根店,0531-45-3135,https://www.taharakankou.gr.jp/spot/000302.html,"","",システム管理者,2015/01/26 15:48:15,システム管理者,2022/08/15 16:17:46
167,POINT(137.200682759285 34.6433901105669),rt0701-2,サンテパルクたはら,0531-25-1234,http://santepark.com/,"","",システム管理者,2015/01/26 15:48:16,システム管理者,2022/11/21 13:28:07
168,POINT(137.060590982437 34.5952133528149),rt0701-5,初立池公園,田原市役所（農政課） 0531-22-1111,http://www.city.tahara.aichi.jp/,"","",システム管理者,2015/01/26 15:48:16,システム管理者,2022/11/16 15:40:36
169,POINT(137.269116640091 34.6736645032321),rt0701-1,田原城跡・田原市博物館,田原市博物館 0531-22-1720,http://www.taharamuseum.gr.jp/,"","",システム管理者,2015/01/26 15:48:16,システム管理者,2022/11/16 15:41:48
170,POINT(137.016248703003 34.5793940858241),rt0701-4/rt0705-6,伊良湖岬灯台・恋路が浜・日出の石門,渥美半島観光ビューロー 0531-23-3516,https://www.taharakankou.gr.jp/,"","",システム管理者,2015/01/26 15:48:16,システム管理者,2023/02/14 10:47:46
171,POINT(137.231699824333 34.8110638281189),rt0702-5,竹島,蒲郡市観光協会 0533-68-2526,http://www.gamagori.jp/spot/750,"","",システム管理者,2015/01/26 15:48:16,システム管理者,2022/11/16 15:48:44
172,POINT(137.20106601996 34.8147545680755),rt0702-3,蒲郡海鮮市場,0533-68-7879,https://www.g-kaisenichiba.com/,"","",システム管理者,2015/01/26 15:48:16,システム管理者,2022/11/16 15:49:58
173,POINT(137.240722775459 34.8546205970605),rt0702-2,蒲郡オレンジパーク,0533-68-2321,http://www.orepa.jp/,"","",システム管理者,2015/01/26 15:48:16,システム管理者,2022/11/28 11:57:38
174,POINT(137.225412318993 34.819433053181),rt0702-4,手織り三河木綿工房,三河木綿工房・手織場（てばたば） 0533-68-5771,http://www.city.gamagori.lg.jp/unit/sangyo/tebataba.html,"","",システム管理者,2015/01/26 15:48:16,システム管理者,2022/11/30 14:53:55
175,POINT(137.263182448288 34.8304793653782),rt0702-1,とよおか湖公園,蒲郡市役所（産業振興部農林水産課） 0533-66-1124,https://www.city.gamagori.lg.jp/site/nougyou/t-kouen.html,"","",システム管理者,2015/01/26 15:48:16,システム管理者,2022/11/16 15:57:12
177,POINT(137.458325028419 34.7255918915809),rt0703-4,産直プラザ二川,0532-41-0527,https://www.ja-toyohashi.com/,"","",システム管理者,2015/01/26 15:48:16,システム管理者,2022/11/16 16:00:36
178,POINT(137.392197847366 34.7680524893928),rt0703-2,豊橋市公会堂,0532-51-3077 ,http://www.bunzai.or.jp/publichall/,"","",システム管理者,2015/01/26 15:48:16,システム管理者,2022/11/16 16:03:36
179,POINT(137.393076523253 34.7706186048402),rt0703-1,吉田城,豊橋市役所産業部 観光プロモーション課 0532-51-2430,https://www.city.toyohashi.lg.jp/48101.htm,"","",システム管理者,2015/01/26 15:48:16,システム管理者,2022/11/16 16:05:49
180,POINT(137.449902892113 34.7234094276546),rt0703-5,二川宿本陣（ふたがわしゅくほんじん）資料館,0532-41-8580,http://futagawa-honjin.jp/,"","",システム管理者,2015/01/26 15:48:16,システム管理者,2022/11/16 16:08:17
181,POINT(137.354357242584 34.8555978501349),rt0704-4,四季の森,0533-88-7270,http://www.city.toyokawa.lg.jp/shisetsu/fukushiiryo/yuainosato.html,"","",システム管理者,2015/01/26 15:48:16,システム管理者,2022/11/16 16:12:58
182,POINT(137.310076459795 34.857288685997),rt0704-3,グリーンセンター音羽（ぺったん工房）,0533-88-6600,https://ja-himawari.com/,"","",システム管理者,2015/01/26 15:48:16,システム管理者,2022/11/16 16:16:37
183,POINT(137.42701292038 34.8779394421041),rt0704-5,本宮の湯,0533-92-1880,https://www.honguu-no-yu.com/,"","",システム管理者,2015/01/26 15:48:16,システム管理者,2022/11/21 13:09:01
184,POINT(137.368552861856 34.7987345625156),rt0704-1,五社稲荷社朝市,五社稲荷社 0533-72-3062,"","","",システム管理者,2015/01/26 15:48:16,システム管理者,2022/08/16 09:21:44
185,POINT(137.312101721764 34.8517592037389),rt0704-2,御油（ごゆ）の松並木,豊川市観光協会 0533-89-2206　,http://www.toyokawa-map.net/,"","",システム管理者,2015/01/26 15:48:16,システム管理者,2022/11/30 16:02:30
186,POINT(137.322041988373 34.7887569468268),rt0705-3,三河臨海緑地「日本列島」,愛知県 建設局 三河港務所 0532-31-4155,http://www.pref.aichi.jp/soshiki/mikawa-komu/,"","",システム管理者,2015/01/26 15:48:16,システム管理者,2023/03/30 15:43:07
187,POINT(137.190265059471 34.7956249729805),rt0705-2,ブルーブリッジ（形原漁港大橋）,愛知県三河港務所蒲郡出張所,http://www.pref.aichi.jp/soshiki/mikawa-komu/ ,"","",システム管理者,2015/01/26 15:48:16,システム管理者,2022/11/30 16:05:36
188,POINT(137.101253271103 34.6256333452442),rt0705-5,愛知みなみ農協　ふれあい広場 渥美店,0531-32-1151,http://www.ja-aichiminami.jp/store/,"","",システム管理者,2015/01/26 15:48:16,システム管理者,2022/11/21 13:23:53
189,POINT(137.262046337128 34.6848254217722),rt0705-4,蔵王山（ざおうさん）展望台,0531-22-0426,http://www.zao3.net/,"","",システム管理者,2015/01/26 15:48:16,システム管理者,2022/11/30 16:08:33
190,POINT(137.177571142614 34.7805649072274),rt0705-1,西浦鮮魚マーケット,蒲郡漁業協同組合　西浦支所 0533-57-6155,http://gamagori-gyokyo.com/index.html,"","",システム管理者,2015/01/26 15:48:16,システム管理者,2022/08/16 09:28:32
191,POINT(137.476892860563 34.8959398529879),rt0605-1,グリーンセンターしんしろ,0536-23-7560,http://www.ja-aichihigashi.com/sanchoku/,"","",システム管理者,2015/01/26 15:48:16,システム管理者,2022/08/16 09:29:34
192,POINT(137.528234124184 34.9186677260448),rt0605-2,新城市設楽原歴史資料館,0536-22-0673,https://www.city.shinshiro.lg.jp/mokuteki/shisetu/shiryokan/shitaragabara/yokoso.html,"","",システム管理者,2015/01/26 15:48:16,システム管理者,2022/11/30 16:14:42
193,POINT(137.55511935262 34.9250131287147),rt0605-3,こんたく長篠,0536-32-0002,http://www.ja-aichihigashi.com/sanchoku/,"","",システム管理者,2015/01/26 15:48:16,システム管理者,2022/08/16 09:32:11
194,POINT(137.559476494789 34.9233169539595),rt0605-4,長篠城址（長篠城址史跡保存館）,長篠城址史跡保存館 0536-32-0162,https://www.city.shinshiro.lg.jp/,"","",システム管理者,2015/01/26 15:48:16,システム管理者,2022/11/30 16:17:29
195,POINT(137.586153745651 34.9787267165086),rt0605-5,鳳来寺山,新城市 教育部 生涯共育課 設楽原歴史資料館 0536-22-0673,https://www.city.shinshiro.lg.jp/kanko/meisyo/horaijisan.html,"","",システム管理者,2015/01/26 15:48:16,システム管理者,2023/01/26 11:51:37
196,POINT(137.534718496101 35.055005315068),rt0605-6,田峯城址（歴史の里　田峯城址）,0536-64-5505 ,https://www.kankoshitara.jp/,"","",システム管理者,2015/01/26 15:48:16,システム管理者,2022/11/21 14:06:49
197,POINT(137.663969993591 35.019136986005),rt0606-1,乳岩峡,新城市 教育部 生涯共育課 設楽原歴史資料館 0536-22-0673,https://www.city.shinshiro.lg.jp/kanko/meisyo/chiiwa.html,"","",システム管理者,2015/01/26 15:48:16,システム管理者,2022/11/22 13:43:16
198,POINT(137.623060941696 35.0053410298377),rt0606-2,愛知県民の森,0536-32-1262　, http://www.aichi-park.or.jp/kenmin/index.html ,"","",システム管理者,2015/01/26 15:48:16,システム管理者,2022/11/29 11:13:29
199,POINT(137.613533735275 34.9702519157841),rt0606-3,湯谷温泉,（要）各旅館,http://www.city.shinshiro.lg.jp/kanko/onsen/yuya-onsen.html,"","",システム管理者,2015/01/26 15:48:16,システム管理者,2022/11/21 14:15:21
201,POINT(136.96177987132 35.0214594414225),rt0311-1,収穫体験〔ぶどう狩り〕,大府市観光協会 0562-45-6277 東浦町観光協会 0562-83-6118,http://www.obu-kankou.gr.jp/ https://higashiura.or.jp/kanko/,"","",システム管理者,2015/01/26 15:48:16,システム管理者,2022/11/21 14:18:49
202,POINT(136.884799003601 35.0153499202141),rt0312-1,東海フラワーショウ,"東海市環境経済部農務課 052-603-2211,0562-33-1111",http://www.city.tokai.aichi.jp/,"","",システム管理者,2015/01/26 15:48:16,システム管理者,2022/11/21 14:21:34
203,POINT(136.983751058578 34.9886158055698),rt0406-1,刈谷市亀城公園,刈谷市観光協会（刈谷市役所文化観光課内） 0566-23-4100,https://www.kariya-guide.com/,"","",システム管理者,2015/01/26 15:48:16,システム管理者,2023/02/13 11:47:30
204,POINT(136.980884348794 34.8739810592314),rt0406-2,伝統食品工場見学 [九重みりん時代館・九重味淋大蔵],碧南市観光協会  0566-95-9894,https://www.hekinan-kanko.jp/,"","",システム管理者,2015/01/26 15:48:16,システム管理者,2023/02/13 11:48:21
205,POINT(136.977085768196 34.865699506293),rt0406-2,伝統食品工場見学 [株式会社　角谷文次郎商店],碧南市観光協会 0566-95-9894,https://www.hekinan-kanko.jp/,"","",システム管理者,2015/01/26 15:48:16,システム管理者,2023/02/13 11:48:41
207,POINT(136.986433607804 34.9025034983823),rt0406-2,伝統食品工場見学 ［七福醸造㈱ありがとうの里］,碧南市観光協会 0566-95-9894,https://www.hekinan-kanko.jp/,"","",システム管理者,2015/01/26 15:48:16,システム管理者,2023/02/13 11:48:12
208,POINT(136.982864443962 34.8837201606711),rt0406-2,伝統食品工場見学 [スギ製菓　株式会社　工場],碧南市観光協会 0566-95-9894,https://www.hekinan-kanko.jp/,"","",システム管理者,2015/01/26 15:48:16,システム管理者,2023/02/13 11:47:52
209,POINT(136.968811154366 34.850781905068),rt0406-3,碧南市農業活性化センターあおいパーク,0566-43-0511,http://www.city.hekinan.lg.jp/aoi_park/,"","",システム管理者,2015/01/26 15:48:16,システム管理者,2023/02/13 11:49:16
210,POINT(136.972979307175 34.8459128477311),rt0406-4,前浜新田の松並木,碧南市役所　都市整備課 0566-95-9909,http://www.city.hekinan.aichi.jp/index.html,"","",システム管理者,2015/01/26 15:48:16,システム管理者,2023/02/13 11:49:45
211,POINT(137.055136027339 35.0033263485319),rt0407-1,旧東海道「池鯉鮒」の松並木,知立市観光協会（知立市役所経済課内） 0566-83-1111（内線211・212）,https://www.city.chiryu.aichi.jp/,"","",システム管理者,2015/01/26 15:48:16,システム管理者,2023/02/13 11:50:16
212,POINT(137.09993715182 34.9865918238722),rt0407-2,明治用水（明治川神社から中井筋）,明治用水土地改良区 (明治用水会館内) 0566-76-6241,http://www.midorinet-meiji.jp/,"","",システム管理者,2015/01/26 15:48:16,システム管理者,2023/02/13 11:50:33
213,POINT(137.06082701683 34.9308466488881),rt0407-4/rt0408-1,安城市デンパーク,財団法人安城都市農業振興協会 0566-92-7111,https://denpark.jp/,"","",システム管理者,2015/01/26 15:48:16,システム管理者,2023/02/13 11:51:21
214,POINT(137.070203639262 34.9444547755918),rt0407-3/rt0408-2,都市に広がる集団農地,安城市役所経済環境部農務課農政係 0566-76-1111(代表),https://www.city.anjo.aichi.jp/soshiki/sangyoshinkoubu/nomu.html,"","",システム管理者,2015/01/26 15:48:16,システム管理者,2023/02/13 11:50:58
215,POINT(137.120738592708 35.0053070622037),rt0408-4,明治緑道水車公園の三連水車,明治用水土地改良区 (明治用水会館内) 0566-76-6241,http://www.midorinet-meiji.jp/,"","",システム管理者,2015/01/26 15:48:16,システム管理者,2023/02/13 11:51:55
216,POINT(137.08305532389 34.9672897704579),rt0408-3,明治用水（明治用水歴史資料室・豊田安城自転車道）,明治用水土地改良区 (明治用水会館内) 0566-76-6241,http://www.midorinet-meiji.jp/,"","",システム管理者,2015/01/26 15:48:16,システム管理者,2023/02/13 11:51:40
217,POINT(137.645602226257 34.9502570553309),rt0606-4,阿寺の七滝,新城市観光協会 0536-29-0829,https://www.okuminavi.jp/search/detail.php?id=172,"","",システム管理者,2015/01/26 15:48:16,システム管理者,2022/11/22 09:43:51
218,POINT(137.45151758194 34.7451389077403),rt0703-3,葦毛湿原,豊橋市役所都市計画部 公園緑地課 0532-51-2650 ,https://www.city.toyohashi.lg.jp/11578.htm,"","",システム管理者,2015/01/26 15:48:16,システム管理者,2022/11/22 09:46:09
219,POINT(137.371072769165 34.940125871264),rt0409-2,産地問屋宮ザキ園,0564-83-2710,"","","",システム管理者,2022/12/12 11:30:43,システム管理者,2023/02/13 11:52:58
220,POINT(137.377080917358 34.9474429631036),rt0409-3,カフェ柚子木,0564-83-2069,"","","",システム管理者,2022/12/12 11:33:26,システム管理者,2023/02/13 11:53:21
221,POINT(137.37669467926 34.9473814037565),rt0409-4,ぬかた体験村,0564-83-2069,"","","",システム管理者,2022/12/12 11:35:44,システム管理者,2023/02/13 11:53:38
222,POINT(137.321044206619 34.9859173015426),rt0409-5,日近の里・かおれ渓谷,0564-84-2040,"","","",システム管理者,2022/12/12 11:38:22,システム管理者,2023/02/13 11:53:57
223,POINT(137.306871879371 35.0117951571514),rt0409-6,合資会社柴田酒造場,0564-84-2007,"","","",システム管理者,2022/12/12 11:39:30,システム管理者,2023/02/13 11:54:26
224,POINT(137.04805970192 34.8666901793145),rt0402-2,西尾市歴史公園,西尾市観光協会 0563-57-7882,http://nishiokanko.com/,"","",システム管理者,2022/12/26 10:35:31,システム管理者,2023/02/13 11:41:23
225,POINT(137.079677581787 34.8431480106293),rt0402-3,赤馬の径,西尾市観光協会 0563-57-7882,http://nishiokanko.com/,"","",システム管理者,2022/12/26 10:52:42,システム管理者,2023/02/13 11:41:46
226,POINT(137.051543449569 34.8361201742464),rt0402-4,西尾市憩の農園,0563-56-8168,https://life.ja-group.jp/farm/market/detail?id=1396,"","",システム管理者,2022/12/26 10:59:22,システム管理者,2023/02/13 11:42:25
227,POINT(136.867868900299 35.3415771717727),rt0108-1,愛知北地域の新鮮野菜市,岩倉市役所 0587-66-1111 ,"","","",システム管理者,2022/12/26 15:03:22,システム管理者,2023/01/27 11:13:32
228,POINT(136.851293208552 34.9130917783342),rt0308-2,前山ダム,環境経済部　農業水産課 0569-35-5111,http://www.city.tokoname.aichi.jp/kurashi/sportspark/1001010/1001015.html,"","",システム管理者,2022/12/27 10:21:53,システム管理者,""
229,POINT(136.862797287656 34.8163010063968),rt0309-1,知多半島の潮干狩り（常滑市）,常滑市観光協会坂井支部 0569-37-0922,http://www.tokoname-kankou.net/,"","",システム管理者,2022/12/27 10:33:07,システム管理者,2022/12/27 10:35:05
230,POINT(137.312986850738 35.1311230797319),rt0501-3,花もみじ,0565-62-0053,"","","",システム管理者,2022/12/28 13:27:56,システム管理者,2022/12/28 13:28:33
231,POINT(136.996051669121 34.9058183009205),rt0406-2,伝統食品工場見学 ［ヤマシン㈱白しょうゆ醸造工場］,碧南市観光協会 0566-95-9894,http://www.hekinan-kanko.jp/,"","",システム管理者,2023/02/09 15:15:19,システム管理者,2023/02/13 11:48:52
